-- Insertar registros en la tabla "users" de tipo public
INSERT INTO users (name, gmail, password, type, created_at, updated_at, deleted_at) VALUES
('Leonilda Rojas', 'leonilda.rojas@gmail.com', 'mypassword', 'admin', CURRENT_TIMESTAMP, CURRENT_TIMESTAMP, NULL),
('Darío Condori', 'dario.condori@gmail.com', 'password987', 'admin', CURRENT_TIMESTAMP, CURRENT_TIMESTAMP, NULL),
('Uhziel Condori', 'uhziel.condori@gmail.com', 'securePass!2024', 'admin', CURRENT_TIMESTAMP, CURRENT_TIMESTAMP, NULL),
('Uriel Condori', 'uriel.condori@gmail.com', 'uredu$2024', 'admin', CURRENT_TIMESTAMP, CURRENT_TIMESTAMP, NULL),
('Laura García', 'laura.garcia@gmail.com', 'lauraPass!2024', 'public', CURRENT_TIMESTAMP, CURRENT_TIMESTAMP, NULL),
('Pedro Sánchez', 'pedro.sanchez@gmail.com', 'pedro2024', 'public', CURRENT_TIMESTAMP, CURRENT_TIMESTAMP, NULL),
('José Martínez', 'jose.martinez@gmail.com', 'josePass123', 'public', CURRENT_TIMESTAMP, CURRENT_TIMESTAMP, NULL),
('Ana López', 'ana.lopez@gmail.com', 'ana12345', 'public', CURRENT_TIMESTAMP, CURRENT_TIMESTAMP, NULL),
('Carlos Gómez', 'carlos.gomez@gmail.com', 'cgomez2024', 'public', CURRENT_TIMESTAMP, CURRENT_TIMESTAMP, NULL),
('Marta Díaz', 'marta.diaz@gmail.com', 'martadiaz!', 'public', CURRENT_TIMESTAMP, CURRENT_TIMESTAMP, NULL),
('Luis Pérez', 'luis.perez@gmail.com', 'luisP2024', 'public', CURRENT_TIMESTAMP, CURRENT_TIMESTAMP, NULL),
('Sofía Ramírez', 'sofia.ramirez@gmail.com', 'sofiar123', 'public', CURRENT_TIMESTAMP, CURRENT_TIMESTAMP, NULL),
('Diego Torres', 'diego.torres@gmail.com', 'dtorres456', 'public', CURRENT_TIMESTAMP, CURRENT_TIMESTAMP, NULL),
('Elena Morales', 'elena.morales@gmail.com', 'em2024!', 'public', CURRENT_TIMESTAMP, CURRENT_TIMESTAMP, NULL),
('Pablo Fernández', 'pablo.fernandez@gmail.com', 'pfernandez!', 'public', CURRENT_TIMESTAMP, CURRENT_TIMESTAMP, NULL),
('María Gutiérrez', 'maria.gutierrez@gmail.com', 'mgutierrez!2024', 'public', CURRENT_TIMESTAMP, CURRENT_TIMESTAMP, NULL),
('Javier Herrera', 'javier.herrera@gmail.com', 'javiherr123', 'public', CURRENT_TIMESTAMP, CURRENT_TIMESTAMP, NULL),
('Raúl Castro', 'raul.castro@gmail.com', 'rcastro2024', 'public', CURRENT_TIMESTAMP, CURRENT_TIMESTAMP, NULL),
('Patricia Ruiz', 'patricia.ruiz@gmail.com', 'patruiz!', 'public', CURRENT_TIMESTAMP, CURRENT_TIMESTAMP, NULL),
('Felipe Mendoza', 'felipe.mendoza@gmail.com', 'fmendoza2024', 'public', CURRENT_TIMESTAMP, CURRENT_TIMESTAMP, NULL),
('Andrea Torres', 'andrea.torres@gmail.com', 'atorres123', 'public', CURRENT_TIMESTAMP, CURRENT_TIMESTAMP, NULL),
('Daniela Rojas', 'daniela.rojas@gmail.com', 'drojas!2024', 'public', CURRENT_TIMESTAMP, CURRENT_TIMESTAMP, NULL),
('Ricardo Silva', 'ricardo.silva@gmail.com', 'rsilva2024', 'public', CURRENT_TIMESTAMP, CURRENT_TIMESTAMP, NULL),
('Liliana Vázquez', 'liliana.vazquez@gmail.com', 'lvazquez123', 'public', CURRENT_TIMESTAMP, CURRENT_TIMESTAMP, NULL),
('Sebastián Cruz', 'sebastian.cruz@gmail.com', 'scruz!2024', 'public', CURRENT_TIMESTAMP, CURRENT_TIMESTAMP, NULL),
('Verónica González', 'veronica.gonzalez@gmail.com', 'vgonzalez!2024', 'public', CURRENT_TIMESTAMP, CURRENT_TIMESTAMP, NULL),
('Francisco Reyes', 'francisco.reyes@gmail.com', 'freyes123', 'public', CURRENT_TIMESTAMP, CURRENT_TIMESTAMP, NULL),
('Isabel Morales', 'isabel.morales@gmail.com', 'imorales2024', 'public', CURRENT_TIMESTAMP, CURRENT_TIMESTAMP, NULL),
('Manuel Ortega', 'manuel.ortega@gmail.com', 'mortega!', 'public', CURRENT_TIMESTAMP, CURRENT_TIMESTAMP, NULL),
('Rosa Méndez', 'rosa.mendez@gmail.com', 'rmendez2024', 'public', CURRENT_TIMESTAMP, CURRENT_TIMESTAMP, NULL),
('Fernando Herrera', 'fernando.herrera@gmail.com', 'fherrera123', 'public', CURRENT_TIMESTAMP, CURRENT_TIMESTAMP, NULL),
('Cristina Medina', 'cristina.medina@gmail.com', 'cmedina!2024', 'public', CURRENT_TIMESTAMP, CURRENT_TIMESTAMP, NULL),
('Eduardo Paredes', 'eduardo.paredes@gmail.com', 'eparedes123', 'public', CURRENT_TIMESTAMP, CURRENT_TIMESTAMP, NULL),
('Claudia Salinas', 'claudia.salinas@gmail.com', 'csalinas2024', 'public', CURRENT_TIMESTAMP, CURRENT_TIMESTAMP, NULL),
('Álvaro Soto', 'alvaro.soto@gmail.com', 'asoto!2024', 'public', CURRENT_TIMESTAMP, CURRENT_TIMESTAMP, NULL),
('Irene Navarro', 'irene.navarro@gmail.com', 'inavarro2024', 'public', CURRENT_TIMESTAMP, CURRENT_TIMESTAMP, NULL),
('Miguel Castillo', 'miguel.castillo@gmail.com', 'mcastillo123', 'public', CURRENT_TIMESTAMP, CURRENT_TIMESTAMP, NULL),
('Lucía Delgado', 'lucia.delgado@gmail.com', 'ldelgado2024', 'public', CURRENT_TIMESTAMP, CURRENT_TIMESTAMP, NULL),
('Hugo Ramos', 'hugo.ramos@gmail.com', 'hramos123', 'public', CURRENT_TIMESTAMP, CURRENT_TIMESTAMP, NULL),
('Alicia Villalobos', 'alicia.villalobos@gmail.com', 'avillalobos2024', 'public', CURRENT_TIMESTAMP, CURRENT_TIMESTAMP, NULL),
('Gustavo Peña', 'gustavo.pena@gmail.com', 'gpena2024', 'public', CURRENT_TIMESTAMP, CURRENT_TIMESTAMP, NULL),
('Natalia Lozano', 'natalia.lozano@gmail.com', 'nlozano123', 'public', CURRENT_TIMESTAMP, CURRENT_TIMESTAMP, NULL),
('Emilio Aguirre', 'emilio.aguirre@gmail.com', 'eaguirre2024', 'public', CURRENT_TIMESTAMP, CURRENT_TIMESTAMP, NULL),
('Mariana Vega', 'mariana.vega@gmail.com', 'mvega123', 'public', CURRENT_TIMESTAMP, CURRENT_TIMESTAMP, NULL),
('Ángel Suárez', 'angel.suarez@gmail.com', 'asuarez2024', 'public', CURRENT_TIMESTAMP, CURRENT_TIMESTAMP, NULL),
('Sara Ortega', 'sara.ortega@gmail.com', 'sortega123', 'public', CURRENT_TIMESTAMP, CURRENT_TIMESTAMP, NULL),
('Roberto Fuentes', 'roberto.fuentes@gmail.com', 'rfuentes2024', 'public', CURRENT_TIMESTAMP, CURRENT_TIMESTAMP, NULL),
('Inés Guerrero', 'ines.guerrero@gmail.com', 'iguerrero2024', 'public', CURRENT_TIMESTAMP, CURRENT_TIMESTAMP, NULL),
('Tomás Molina', 'tomas.molina@gmail.com', 'tmolina123', 'public', CURRENT_TIMESTAMP, CURRENT_TIMESTAMP, NULL),
('Teresa Carrillo', 'teresa.carrillo@gmail.com', 'tcarrillo2024', 'public', CURRENT_TIMESTAMP, CURRENT_TIMESTAMP, NULL),
('Ignacio Cabrera', 'ignacio.cabrera@gmail.com', 'icabrera123', 'public', CURRENT_TIMESTAMP, CURRENT_TIMESTAMP, NULL),
('Victoria Reyes', 'victoria.reyes@gmail.com', 'vreyes2024', 'public', CURRENT_TIMESTAMP, CURRENT_TIMESTAMP, NULL),
('Enrique Soto', 'enrique.soto@gmail.com', 'esoto123', 'public', CURRENT_TIMESTAMP, CURRENT_TIMESTAMP, NULL),
('Cecilia Correa', 'cecilia.correa@gmail.com', 'ccorrea2024', 'public', CURRENT_TIMESTAMP, CURRENT_TIMESTAMP, NULL),
('Joaquín Vargas', 'joaquin.vargas@gmail.com', 'jvargas123', 'public', CURRENT_TIMESTAMP, CURRENT_TIMESTAMP, NULL),
('Carla Pineda', 'carla.pineda@gmail.com', 'cpineda2024', 'public', CURRENT_TIMESTAMP, CURRENT_TIMESTAMP, NULL),
('Esteban Ávila', 'esteban.avila@gmail.com', 'eavila123', 'public', CURRENT_TIMESTAMP, CURRENT_TIMESTAMP, NULL),
('Beatriz Mora', 'beatriz.mora@gmail.com', 'bmora2024', 'public', CURRENT_TIMESTAMP, CURRENT_TIMESTAMP, NULL),
('Mauricio Campos', 'mauricio.campos@gmail.com', 'mcampos123', 'public', CURRENT_TIMESTAMP, CURRENT_TIMESTAMP, NULL),
('Ángela Bautista', 'angela.bautista@gmail.com', 'abautista2024', 'public', CURRENT_TIMESTAMP, CURRENT_TIMESTAMP, NULL),
('Ramón Ríos', 'ramon.rios@gmail.com', 'rrios123', 'public', CURRENT_TIMESTAMP, CURRENT_TIMESTAMP, NULL),
('Cristóbal Guerra', 'cristobal.guerra@gmail.com', 'cguerra2024', 'public', CURRENT_TIMESTAMP, CURRENT_TIMESTAMP, NULL),
('Luz Valenzuela', 'luz.valenzuela@gmail.com', 'lvalenzuela123', 'public', CURRENT_TIMESTAMP, CURRENT_TIMESTAMP, NULL),
('Ernesto Araya', 'ernesto.araya@gmail.com', 'earaya2024', 'public', CURRENT_TIMESTAMP, CURRENT_TIMESTAMP, NULL),
('Clara Cortés', 'clara.cortes@gmail.com', 'ccortes123', 'public', CURRENT_TIMESTAMP, CURRENT_TIMESTAMP, NULL),
('Rodrigo Sepúlveda', 'rodrigo.sepulveda@gmail.com', 'rsepulveda2024', 'public', CURRENT_TIMESTAMP, CURRENT_TIMESTAMP, NULL),
('Marisol Cáceres', 'marisol.caceres@gmail.com', 'mcaceres123', 'public', CURRENT_TIMESTAMP, CURRENT_TIMESTAMP, NULL),
('Pablo Sandoval', 'pablo.sandoval@gmail.com', 'psandoval2024', 'public', CURRENT_TIMESTAMP, CURRENT_TIMESTAMP, NULL),
('Adriana Muñoz', 'adriana.munoz@gmail.com', 'amunoz123', 'public', CURRENT_TIMESTAMP, CURRENT_TIMESTAMP, NULL),
('Jorge Valdés', 'jorge.valdes@gmail.com', 'jvaldes2024', 'public', CURRENT_TIMESTAMP, CURRENT_TIMESTAMP, NULL),
('Mónica Calderón', 'monica.calderon@gmail.com', 'mcalderon123', 'public', CURRENT_TIMESTAMP, CURRENT_TIMESTAMP, NULL),
('Felipe Godoy', 'felipe.godoy@gmail.com', 'fgodoy2024', 'public', CURRENT_TIMESTAMP, CURRENT_TIMESTAMP, NULL),
('Paula Zamora', 'paula.zamora@gmail.com', 'pzamora123', 'public', CURRENT_TIMESTAMP, CURRENT_TIMESTAMP, NULL),
('Carlos Miranda', 'carlos.miranda@gmail.com', 'cmiranda2024', 'public', CURRENT_TIMESTAMP, CURRENT_TIMESTAMP, NULL),
('Marcela Orellana', 'marcela.orellana@gmail.com', 'morellana123', 'public', CURRENT_TIMESTAMP, CURRENT_TIMESTAMP, NULL),
('Sergio Salazar', 'sergio.salazar@gmail.com', 'ssalazar2024', 'public', CURRENT_TIMESTAMP, CURRENT_TIMESTAMP, NULL),
('Gloria Figueroa', 'gloria.figueroa@gmail.com', 'gfigueroa123', 'public', CURRENT_TIMESTAMP, CURRENT_TIMESTAMP, NULL),
('Óscar Aguayo', 'oscar.aguayo@gmail.com', 'oaguayo2024', 'public', CURRENT_TIMESTAMP, CURRENT_TIMESTAMP, NULL),
('Ximena Arce', 'ximena.arce@gmail.com', 'xarce123', 'public', CURRENT_TIMESTAMP, CURRENT_TIMESTAMP, NULL),
('Germán Espinoza', 'german.espinoza@gmail.com', 'gespinoza2024', 'public', CURRENT_TIMESTAMP, CURRENT_TIMESTAMP, NULL),
('Camila Acosta', 'camila.acosta@gmail.com', 'cacosta123', 'public', CURRENT_TIMESTAMP, CURRENT_TIMESTAMP, NULL),
('Alfonso León', 'alfonso.leon@gmail.com', 'aleon2024', 'public', CURRENT_TIMESTAMP, CURRENT_TIMESTAMP, NULL),
('Nancy Palacios', 'nancy.palacios@gmail.com', 'npalacios123', 'public', CURRENT_TIMESTAMP, CURRENT_TIMESTAMP, NULL),
('Daniela Soto', 'daniela.soto@gmail.com', 'dsoto2024', 'public', CURRENT_TIMESTAMP, CURRENT_TIMESTAMP, NULL),
('José Robles', 'jose.robles@gmail.com', 'jrobles123', 'public', CURRENT_TIMESTAMP, CURRENT_TIMESTAMP, NULL),
('Álvaro Delgado', 'alvaro.delgado@gmail.com', 'adelgado2024', 'public', CURRENT_TIMESTAMP, CURRENT_TIMESTAMP, NULL),
('Margarita Pizarro', 'margarita.pizarro@gmail.com', 'mpizarro123', 'public', CURRENT_TIMESTAMP, CURRENT_TIMESTAMP, NULL),
('Óscar Villanueva', 'oscar.villanueva@gmail.com', 'ovillanueva2024', 'public', CURRENT_TIMESTAMP, CURRENT_TIMESTAMP, NULL),
('Teresa González', 'teresa.gonzalez@gmail.com', 'tgonzalez123', 'public', CURRENT_TIMESTAMP, CURRENT_TIMESTAMP, NULL),
('Roberto Méndez', 'roberto.mendez@gmail.com', 'rmendez2024', 'public', CURRENT_TIMESTAMP, CURRENT_TIMESTAMP, NULL),
('Daniel Paredes', 'daniel.paredes@gmail.com', 'dparedes123', 'public', CURRENT_TIMESTAMP, CURRENT_TIMESTAMP, NULL),
('Beatriz Fernández', 'beatriz.fernandez@gmail.com', 'bfernandez2024', 'public', CURRENT_TIMESTAMP, CURRENT_TIMESTAMP, NULL),
('Arturo Valdivia', 'arturo.valdivia@gmail.com', 'avaldivia123', 'public', CURRENT_TIMESTAMP, CURRENT_TIMESTAMP, NULL);

-- Insertar registros en la tabla "clients" por cada usuario público
INSERT INTO clients (name, lastname, dni, phone_number, created_at, updated_at, deleted_at) VALUES
('Laura', 'García', '12345678', '123456789', CURRENT_TIMESTAMP, CURRENT_TIMESTAMP, NULL),
('Pedro', 'Sánchez', '23456789', '234567890', CURRENT_TIMESTAMP, CURRENT_TIMESTAMP, NULL),
('José', 'Martínez', '34567890', '345678901', CURRENT_TIMESTAMP, CURRENT_TIMESTAMP, NULL),
('Ana', 'López', '45678901', '456789012', CURRENT_TIMESTAMP, CURRENT_TIMESTAMP, NULL),
('Carlos', 'Gómez', '56789012', '567890123', CURRENT_TIMESTAMP, CURRENT_TIMESTAMP, NULL),
('Marta', 'Díaz', '67890123', '678901234', CURRENT_TIMESTAMP, CURRENT_TIMESTAMP, NULL),
('Luis', 'Pérez', '78901234', '789012345', CURRENT_TIMESTAMP, CURRENT_TIMESTAMP, NULL),
('Sofía', 'Ramírez', '89012345', '890123456', CURRENT_TIMESTAMP, CURRENT_TIMESTAMP, NULL),
('Diego', 'Torres', '90123456', '901234567', CURRENT_TIMESTAMP, CURRENT_TIMESTAMP, NULL),
('Elena', 'Morales', '01234567', '012345678', CURRENT_TIMESTAMP, CURRENT_TIMESTAMP, NULL),
('Pablo', 'Fernández', '12345678', '123456789', CURRENT_TIMESTAMP, CURRENT_TIMESTAMP, NULL),
('María', 'Gutiérrez', '23456789', '234567890', CURRENT_TIMESTAMP, CURRENT_TIMESTAMP, NULL),
('Javier', 'Herrera', '34567890', '345678901', CURRENT_TIMESTAMP, CURRENT_TIMESTAMP, NULL),
('Raúl', 'Castro', '45678901', '456789012', CURRENT_TIMESTAMP, CURRENT_TIMESTAMP, NULL),
('Patricia', 'Ruiz', '56789012', '567890123', CURRENT_TIMESTAMP, CURRENT_TIMESTAMP, NULL),
('Felipe', 'Mendoza', '67890123', '678901234', CURRENT_TIMESTAMP, CURRENT_TIMESTAMP, NULL),
('Andrea', 'Torres', '78901234', '789012345', CURRENT_TIMESTAMP, CURRENT_TIMESTAMP, NULL),
('Daniela', 'Rojas', '89012345', '890123456', CURRENT_TIMESTAMP, CURRENT_TIMESTAMP, NULL),
('Ricardo', 'Silva', '90123456', '901234567', CURRENT_TIMESTAMP, CURRENT_TIMESTAMP, NULL),
('Liliana', 'Vázquez', '01234567', '012345678', CURRENT_TIMESTAMP, CURRENT_TIMESTAMP, NULL),
('Sebastián', 'Cruz', '12345678', '123456789', CURRENT_TIMESTAMP, CURRENT_TIMESTAMP, NULL),
('Verónica', 'González', '23456789', '234567890', CURRENT_TIMESTAMP, CURRENT_TIMESTAMP, NULL),
('Francisco', 'Reyes', '34567890', '345678901', CURRENT_TIMESTAMP, CURRENT_TIMESTAMP, NULL),
('Isabel', 'Morales', '45678901', '456789012', CURRENT_TIMESTAMP, CURRENT_TIMESTAMP, NULL),
('Manuel', 'Ortega', '56789012', '567890123', CURRENT_TIMESTAMP, CURRENT_TIMESTAMP, NULL),
('Rosa', 'Méndez', '67890123', '678901234', CURRENT_TIMESTAMP, CURRENT_TIMESTAMP, NULL),
('Fernando', 'Herrera', '78901234', '789012345', CURRENT_TIMESTAMP, CURRENT_TIMESTAMP, NULL),
('Cristina', 'Medina', '89012345', '890123456', CURRENT_TIMESTAMP, CURRENT_TIMESTAMP, NULL),
('Eduardo', 'Paredes', '90123456', '901234567', CURRENT_TIMESTAMP, CURRENT_TIMESTAMP, NULL),
('Claudia', 'Salinas', '01234567', '012345678', CURRENT_TIMESTAMP, CURRENT_TIMESTAMP, NULL),
('Álvaro', 'Soto', '12345678', '123456789', CURRENT_TIMESTAMP, CURRENT_TIMESTAMP, NULL),
('Irene', 'Navarro', '23456789', '234567890', CURRENT_TIMESTAMP, CURRENT_TIMESTAMP, NULL),
('Miguel', 'Castillo', '34567890', '345678901', CURRENT_TIMESTAMP, CURRENT_TIMESTAMP, NULL),
('Lucía', 'Delgado', '45678901', '456789012', CURRENT_TIMESTAMP, CURRENT_TIMESTAMP, NULL),
('Hugo', 'Ramos', '56789012', '567890123', CURRENT_TIMESTAMP, CURRENT_TIMESTAMP, NULL),
('Alicia', 'Villalobos', '67890123', '678901234', CURRENT_TIMESTAMP, CURRENT_TIMESTAMP, NULL),
('Gustavo', 'Peña', '78901234', '789012345', CURRENT_TIMESTAMP, CURRENT_TIMESTAMP, NULL),
('Natalia', 'Lozano', '89012345', '890123456', CURRENT_TIMESTAMP, CURRENT_TIMESTAMP, NULL),
('Emilio', 'Aguirre', '90123456', '901234567', CURRENT_TIMESTAMP, CURRENT_TIMESTAMP, NULL),
('Mariana', 'Vega', '01234567', '012345678', CURRENT_TIMESTAMP, CURRENT_TIMESTAMP, NULL),
('Ángel', 'Suárez', '12345678', '123456789', CURRENT_TIMESTAMP, CURRENT_TIMESTAMP, NULL),
('Sara', 'Ortega', '23456789', '234567890', CURRENT_TIMESTAMP, CURRENT_TIMESTAMP, NULL),
('Roberto', 'Fuentes', '34567890', '345678901', CURRENT_TIMESTAMP, CURRENT_TIMESTAMP, NULL),
('Inés', 'Guerrero', '45678901', '456789012', CURRENT_TIMESTAMP, CURRENT_TIMESTAMP, NULL),
('Tomás', 'Molina', '56789012', '567890123', CURRENT_TIMESTAMP, CURRENT_TIMESTAMP, NULL),
('Teresa', 'Carrillo', '67890123', '678901234', CURRENT_TIMESTAMP, CURRENT_TIMESTAMP, NULL),
('Ignacio', 'Cabrera', '78901234', '789012345', CURRENT_TIMESTAMP, CURRENT_TIMESTAMP, NULL),
('Victoria', 'Reyes', '89012345', '890123456', CURRENT_TIMESTAMP, CURRENT_TIMESTAMP, NULL),
('Enrique', 'Soto', '90123456', '901234567', CURRENT_TIMESTAMP, CURRENT_TIMESTAMP, NULL),
('Cecilia', 'Correa', '01234567', '012345678', CURRENT_TIMESTAMP, CURRENT_TIMESTAMP, NULL),
('Joaquín', 'Vargas', '12345678', '123456789', CURRENT_TIMESTAMP, CURRENT_TIMESTAMP, NULL),
('Carla', 'Pineda', '23456789', '234567890', CURRENT_TIMESTAMP, CURRENT_TIMESTAMP, NULL),
('Esteban', 'Ávila', '34567890', '345678901', CURRENT_TIMESTAMP, CURRENT_TIMESTAMP, NULL),
('Beatriz', 'Mora', '45678901', '456789012', CURRENT_TIMESTAMP, CURRENT_TIMESTAMP, NULL),
('Mauricio', 'Campos', '56789012', '567890123', CURRENT_TIMESTAMP, CURRENT_TIMESTAMP, NULL),
('Ángela', 'Bautista', '67890123', '678901234', CURRENT_TIMESTAMP, CURRENT_TIMESTAMP, NULL),
('Ramón', 'Ríos', '78901234', '789012345', CURRENT_TIMESTAMP, CURRENT_TIMESTAMP, NULL),
('Cristóbal', 'Guerra', '89012345', '890123456', CURRENT_TIMESTAMP, CURRENT_TIMESTAMP, NULL),
('Luz', 'Valenzuela', '90123456', '901234567', CURRENT_TIMESTAMP, CURRENT_TIMESTAMP, NULL),
('Ernesto', 'Araya', '01234567', '012345678', CURRENT_TIMESTAMP, CURRENT_TIMESTAMP, NULL),
('Clara', 'Cortés', '12345678', '123456789', CURRENT_TIMESTAMP, CURRENT_TIMESTAMP, NULL),
('Rodrigo', 'Sepúlveda', '23456789', '234567890', CURRENT_TIMESTAMP, CURRENT_TIMESTAMP, NULL),
('Marisol', 'Cáceres', '34567890', '345678901', CURRENT_TIMESTAMP, CURRENT_TIMESTAMP, NULL),
('Pablo', 'Sandoval', '45678901', '456789012', CURRENT_TIMESTAMP, CURRENT_TIMESTAMP, NULL),
('Adriana', 'Muñoz', '56789012', '567890123', CURRENT_TIMESTAMP, CURRENT_TIMESTAMP, NULL),
('Jorge', 'Valdés', '67890123', '678901234', CURRENT_TIMESTAMP, CURRENT_TIMESTAMP, NULL),
('Mónica', 'Calderón', '78901234', '789012345', CURRENT_TIMESTAMP, CURRENT_TIMESTAMP, NULL),
('Felipe', 'Godoy', '89012345', '890123456', CURRENT_TIMESTAMP, CURRENT_TIMESTAMP, NULL),
('Paula', 'Zamora', '90123456', '901234567', CURRENT_TIMESTAMP, CURRENT_TIMESTAMP, NULL),
('Carlos', 'Miranda', '01234567', '012345678', CURRENT_TIMESTAMP, CURRENT_TIMESTAMP, NULL),
('Marcela', 'Orellana', '12345678', '123456789', CURRENT_TIMESTAMP, CURRENT_TIMESTAMP, NULL),
('Sergio', 'Salazar', '23456789', '234567890', CURRENT_TIMESTAMP, CURRENT_TIMESTAMP, NULL),
('Gloria', 'Figueroa', '34567890', '345678901', CURRENT_TIMESTAMP, CURRENT_TIMESTAMP, NULL),
('Óscar', 'Aguayo', '45678901', '456789012', CURRENT_TIMESTAMP, CURRENT_TIMESTAMP, NULL),
('Ximena', 'Arce', '56789012', '567890123', CURRENT_TIMESTAMP, CURRENT_TIMESTAMP, NULL),
('Germán', 'Méndez', '67890123', '678901234', CURRENT_TIMESTAMP, CURRENT_TIMESTAMP, NULL),
('Angela', 'Duarte', '78901234', '789012345', CURRENT_TIMESTAMP, CURRENT_TIMESTAMP, NULL),
('Luis', 'Sierra', '89012345', '890123456', CURRENT_TIMESTAMP, CURRENT_TIMESTAMP, NULL),
('Nathalia', 'Reyes', '90123456', '901234567', CURRENT_TIMESTAMP, CURRENT_TIMESTAMP, NULL),
('Alejandro', 'Montoya', '01234567', '012345678', CURRENT_TIMESTAMP, CURRENT_TIMESTAMP, NULL),
('Catalina', 'Arias', '12345678', '123456789', CURRENT_TIMESTAMP, CURRENT_TIMESTAMP, NULL),
('Iván', 'Mora', '23456789', '234567890', CURRENT_TIMESTAMP, CURRENT_TIMESTAMP, NULL),
('Sandra', 'Quintero', '34567890', '345678901', CURRENT_TIMESTAMP, CURRENT_TIMESTAMP, NULL),
('Julián', 'Hurtado', '45678901', '456789012', CURRENT_TIMESTAMP, CURRENT_TIMESTAMP, NULL),
('Lorena', 'Bermúdez', '56789012', '567890123', CURRENT_TIMESTAMP, CURRENT_TIMESTAMP, NULL),
('Ricardo', 'Espinosa', '67890123', '678901234', CURRENT_TIMESTAMP, CURRENT_TIMESTAMP, NULL),
('Sofía', 'Palacios', '78901234', '789012345', CURRENT_TIMESTAMP, CURRENT_TIMESTAMP, NULL),
('Esteban', 'Gómez', '89012345', '890123456', CURRENT_TIMESTAMP, CURRENT_TIMESTAMP, NULL),
('Natalia', 'Jaramillo', '90123456', '901234567', CURRENT_TIMESTAMP, CURRENT_TIMESTAMP, NULL);;

-- Insertar registros en la tabla "user_clients" conectar usuario con cliente público
INSERT INTO user_clients (users_id, client_id, created_at, updated_at, deleted_at) VALUES
(5, 1, CURRENT_TIMESTAMP, CURRENT_TIMESTAMP, NULL),
(6, 2, CURRENT_TIMESTAMP, CURRENT_TIMESTAMP, NULL),
(7, 3, CURRENT_TIMESTAMP, CURRENT_TIMESTAMP, NULL),
(8, 4, CURRENT_TIMESTAMP, CURRENT_TIMESTAMP, NULL),
(9, 5, CURRENT_TIMESTAMP, CURRENT_TIMESTAMP, NULL),
(10, 6, CURRENT_TIMESTAMP, CURRENT_TIMESTAMP, NULL),
(11, 7, CURRENT_TIMESTAMP, CURRENT_TIMESTAMP, NULL),
(12, 8, CURRENT_TIMESTAMP, CURRENT_TIMESTAMP, NULL),
(13, 9, CURRENT_TIMESTAMP, CURRENT_TIMESTAMP, NULL),
(14, 10, CURRENT_TIMESTAMP, CURRENT_TIMESTAMP, NULL),
(15, 11, CURRENT_TIMESTAMP, CURRENT_TIMESTAMP, NULL),
(16, 12, CURRENT_TIMESTAMP, CURRENT_TIMESTAMP, NULL),
(17, 13, CURRENT_TIMESTAMP, CURRENT_TIMESTAMP, NULL),
(18, 14, CURRENT_TIMESTAMP, CURRENT_TIMESTAMP, NULL),
(19, 15, CURRENT_TIMESTAMP, CURRENT_TIMESTAMP, NULL),
(20, 16, CURRENT_TIMESTAMP, CURRENT_TIMESTAMP, NULL),
(21, 17, CURRENT_TIMESTAMP, CURRENT_TIMESTAMP, NULL),
(22, 18, CURRENT_TIMESTAMP, CURRENT_TIMESTAMP, NULL),
(23, 19, CURRENT_TIMESTAMP, CURRENT_TIMESTAMP, NULL),
(24, 20, CURRENT_TIMESTAMP, CURRENT_TIMESTAMP, NULL),
(25, 21, CURRENT_TIMESTAMP, CURRENT_TIMESTAMP, NULL),
(26, 22, CURRENT_TIMESTAMP, CURRENT_TIMESTAMP, NULL),
(27, 23, CURRENT_TIMESTAMP, CURRENT_TIMESTAMP, NULL),
(28, 24, CURRENT_TIMESTAMP, CURRENT_TIMESTAMP, NULL),
(29, 25, CURRENT_TIMESTAMP, CURRENT_TIMESTAMP, NULL),
(30, 26, CURRENT_TIMESTAMP, CURRENT_TIMESTAMP, NULL),
(31, 27, CURRENT_TIMESTAMP, CURRENT_TIMESTAMP, NULL),
(32, 28, CURRENT_TIMESTAMP, CURRENT_TIMESTAMP, NULL),
(33, 29, CURRENT_TIMESTAMP, CURRENT_TIMESTAMP, NULL),
(34, 30, CURRENT_TIMESTAMP, CURRENT_TIMESTAMP, NULL),
(35, 31, CURRENT_TIMESTAMP, CURRENT_TIMESTAMP, NULL),
(36, 32, CURRENT_TIMESTAMP, CURRENT_TIMESTAMP, NULL),
(37, 33, CURRENT_TIMESTAMP, CURRENT_TIMESTAMP, NULL),
(38, 34, CURRENT_TIMESTAMP, CURRENT_TIMESTAMP, NULL),
(39, 35, CURRENT_TIMESTAMP, CURRENT_TIMESTAMP, NULL),
(40, 36, CURRENT_TIMESTAMP, CURRENT_TIMESTAMP, NULL),
(41, 37, CURRENT_TIMESTAMP, CURRENT_TIMESTAMP, NULL),
(42, 38, CURRENT_TIMESTAMP, CURRENT_TIMESTAMP, NULL),
(43, 39, CURRENT_TIMESTAMP, CURRENT_TIMESTAMP, NULL),
(44, 40, CURRENT_TIMESTAMP, CURRENT_TIMESTAMP, NULL),
(45, 41, CURRENT_TIMESTAMP, CURRENT_TIMESTAMP, NULL),
(46, 42, CURRENT_TIMESTAMP, CURRENT_TIMESTAMP, NULL),
(47, 43, CURRENT_TIMESTAMP, CURRENT_TIMESTAMP, NULL),
(48, 44, CURRENT_TIMESTAMP, CURRENT_TIMESTAMP, NULL),
(49, 45, CURRENT_TIMESTAMP, CURRENT_TIMESTAMP, NULL),
(50, 46, CURRENT_TIMESTAMP, CURRENT_TIMESTAMP, NULL),
(51, 47, CURRENT_TIMESTAMP, CURRENT_TIMESTAMP, NULL),
(52, 48, CURRENT_TIMESTAMP, CURRENT_TIMESTAMP, NULL),
(53, 49, CURRENT_TIMESTAMP, CURRENT_TIMESTAMP, NULL),
(54, 50, CURRENT_TIMESTAMP, CURRENT_TIMESTAMP, NULL),
(55, 51, CURRENT_TIMESTAMP, CURRENT_TIMESTAMP, NULL),
(56, 52, CURRENT_TIMESTAMP, CURRENT_TIMESTAMP, NULL),
(57, 53, CURRENT_TIMESTAMP, CURRENT_TIMESTAMP, NULL),
(58, 54, CURRENT_TIMESTAMP, CURRENT_TIMESTAMP, NULL),
(59, 55, CURRENT_TIMESTAMP, CURRENT_TIMESTAMP, NULL),
(60, 56, CURRENT_TIMESTAMP, CURRENT_TIMESTAMP, NULL),
(61, 57, CURRENT_TIMESTAMP, CURRENT_TIMESTAMP, NULL),
(62, 58, CURRENT_TIMESTAMP, CURRENT_TIMESTAMP, NULL),
(63, 59, CURRENT_TIMESTAMP, CURRENT_TIMESTAMP, NULL),
(64, 60, CURRENT_TIMESTAMP, CURRENT_TIMESTAMP, NULL),
(65, 61, CURRENT_TIMESTAMP, CURRENT_TIMESTAMP, NULL),
(66, 62, CURRENT_TIMESTAMP, CURRENT_TIMESTAMP, NULL),
(67, 63, CURRENT_TIMESTAMP, CURRENT_TIMESTAMP, NULL),
(68, 64, CURRENT_TIMESTAMP, CURRENT_TIMESTAMP, NULL),
(69, 65, CURRENT_TIMESTAMP, CURRENT_TIMESTAMP, NULL),
(70, 66, CURRENT_TIMESTAMP, CURRENT_TIMESTAMP, NULL),
(71, 67, CURRENT_TIMESTAMP, CURRENT_TIMESTAMP, NULL),
(72, 68, CURRENT_TIMESTAMP, CURRENT_TIMESTAMP, NULL),
(73, 69, CURRENT_TIMESTAMP, CURRENT_TIMESTAMP, NULL),
(74, 70, CURRENT_TIMESTAMP, CURRENT_TIMESTAMP, NULL),
(75, 71, CURRENT_TIMESTAMP, CURRENT_TIMESTAMP, NULL),
(76, 72, CURRENT_TIMESTAMP, CURRENT_TIMESTAMP, NULL),
(77, 73, CURRENT_TIMESTAMP, CURRENT_TIMESTAMP, NULL),
(78, 74, CURRENT_TIMESTAMP, CURRENT_TIMESTAMP, NULL),
(79, 75, CURRENT_TIMESTAMP, CURRENT_TIMESTAMP, NULL),
(80, 76, CURRENT_TIMESTAMP, CURRENT_TIMESTAMP, NULL),
(81, 77, CURRENT_TIMESTAMP, CURRENT_TIMESTAMP, NULL),
(82, 78, CURRENT_TIMESTAMP, CURRENT_TIMESTAMP, NULL),
(83, 79, CURRENT_TIMESTAMP, CURRENT_TIMESTAMP, NULL),
(84, 80, CURRENT_TIMESTAMP, CURRENT_TIMESTAMP, NULL),
(85, 81, CURRENT_TIMESTAMP, CURRENT_TIMESTAMP, NULL),
(86, 82, CURRENT_TIMESTAMP, CURRENT_TIMESTAMP, NULL),
(87, 83, CURRENT_TIMESTAMP, CURRENT_TIMESTAMP, NULL),
(88, 84, CURRENT_TIMESTAMP, CURRENT_TIMESTAMP, NULL),
(89, 85, CURRENT_TIMESTAMP, CURRENT_TIMESTAMP, NULL),
(90, 86, CURRENT_TIMESTAMP, CURRENT_TIMESTAMP, NULL),
(91, 87, CURRENT_TIMESTAMP, CURRENT_TIMESTAMP, NULL),
(92, 88, CURRENT_TIMESTAMP, CURRENT_TIMESTAMP, NULL),
(93, 89, CURRENT_TIMESTAMP, CURRENT_TIMESTAMP, NULL);

-- No Insertar registros en la tabla "admins"
INSERT INTO admins (name, lastname, dni, phone_number, birthdate, state, users_id, created_at, updated_at, deleted_at) VALUES
('Lonilda', 'Rojas', '34567890', '987654320', '1985-06-15', 'active', 1, CURRENT_TIMESTAMP, CURRENT_TIMESTAMP, NULL),
('Darío', 'Condori', '45678901', '876543210', '1990-09-22', 'active', 2, CURRENT_TIMESTAMP, CURRENT_TIMESTAMP, NULL),
('Uhziel', 'Condori', '56151953', '982561525', '2000-08-14', 'active', 3, CURRENT_TIMESTAMP, CURRENT_TIMESTAMP, NULL),
('Uriel', 'Condori', '51918513', '965487115', '2001-04-08', 'active', 4, CURRENT_TIMESTAMP, CURRENT_TIMESTAMP, NULL);

-- No Insertar registros en la tabla "roles"
INSERT INTO roles (name, description, created_at, updated_at, deleted_at) VALUES
('Dueño', 'Controla los pedidos y los empleados', CURRENT_TIMESTAMP, CURRENT_TIMESTAMP, NULL),
('Contador', 'Controla el dinero', CURRENT_TIMESTAMP, CURRENT_TIMESTAMP, NULL),
('Gerente de Producción', 'Controla el trabajo', CURRENT_TIMESTAMP, CURRENT_TIMESTAMP, NULL),
('Administrador de Almacén de Materia Prima', 'Controla los materiales', CURRENT_TIMESTAMP, CURRENT_TIMESTAMP, NULL),
('Comprador', 'Compra', CURRENT_TIMESTAMP, CURRENT_TIMESTAMP, NULL),
('Transportista', 'Transporta', CURRENT_TIMESTAMP, CURRENT_TIMESTAMP, NULL),
('Empleados de Producción', 'Crea los productos', CURRENT_TIMESTAMP, CURRENT_TIMESTAMP, NULL),
('Controlador de Calidad', 'Controla la calidad de los productos', CURRENT_TIMESTAMP, CURRENT_TIMESTAMP, NULL),
('Empleado de Almacén', 'Trabaja en el almacén', CURRENT_TIMESTAMP, CURRENT_TIMESTAMP, NULL),
('Administrador de Almacen de Productos', 'Controla los productos', CURRENT_TIMESTAMP, CURRENT_TIMESTAMP, NULL),
('Gerente de Ventas', 'Controla las ventas', CURRENT_TIMESTAMP, CURRENT_TIMESTAMP, NULL),
('Vendedor', 'Sale a vender', CURRENT_TIMESTAMP, CURRENT_TIMESTAMP, NULL),
('Diseñador', 'Diseña nuevos modelos', CURRENT_TIMESTAMP, CURRENT_TIMESTAMP, NULL);

-- No Insertar registros en la tabla "permission"
INSERT INTO permission (view, description, created_at, updated_at, deleted_at) VALUES
('Login Cliente', 'Logear al cliente', CURRENT_TIMESTAMP, CURRENT_TIMESTAMP, NULL),
('Registro Cliente', 'Registrar al cliente', CURRENT_TIMESTAMP, CURRENT_TIMESTAMP, NULL),
('Login Trabajador', 'Logear al trabajador', CURRENT_TIMESTAMP, CURRENT_TIMESTAMP, NULL),
('Registro Trabajador', 'Registrar al Trabajador', CURRENT_TIMESTAMP, CURRENT_TIMESTAMP, NULL),
('Registro Pedidos Dueño', 'Ver los pedidos por parte del dueño', CURRENT_TIMESTAMP, CURRENT_TIMESTAMP, NULL),
('Recepción de Pedido', 'Recibir y analizar los pedidos', CURRENT_TIMESTAMP, CURRENT_TIMESTAMP, NULL),
('Ver Pedido', 'Ver los datos del Pedido', CURRENT_TIMESTAMP, CURRENT_TIMESTAMP, NULL),
('Decición de Fabricación', 'Decir que fabricar para la venta', CURRENT_TIMESTAMP, CURRENT_TIMESTAMP, NULL),
('Entrega de Pedido', 'Entrar datos para la entrega de pedidos', CURRENT_TIMESTAMP, CURRENT_TIMESTAMP, NULL),
('Realizar Pedidos', 'Realizar pedido', CURRENT_TIMESTAMP, CURRENT_TIMESTAMP, NULL),
('Comunicación Pedidos', 'Comunicarse con la empresa por un pedido', CURRENT_TIMESTAMP, CURRENT_TIMESTAMP, NULL),
('Detalles de Modelo', 'Detalles de un modelo', CURRENT_TIMESTAMP, CURRENT_TIMESTAMP, NULL),
('Catálogo', 'Ver todos los modelos', CURRENT_TIMESTAMP, CURRENT_TIMESTAMP, NULL),
('Registro Pedidos Cliente', 'Ver los pedidos que hizo tal cliente', CURRENT_TIMESTAMP, CURRENT_TIMESTAMP, NULL),
('Registro de Finanzas', 'CRUD del dinero', CURRENT_TIMESTAMP, CURRENT_TIMESTAMP, NULL),
('División de Trabajos', 'Dar trabajo a los empleados de producción', CURRENT_TIMESTAMP, CURRENT_TIMESTAMP, NULL),
('Revisión de Materia Prima', 'Revisar si se tiene los materiales necesarios', CURRENT_TIMESTAMP, CURRENT_TIMESTAMP, NULL),
('Registro de Materia Prima', 'CRUD de los materiales', CURRENT_TIMESTAMP, CURRENT_TIMESTAMP, NULL),
('Lista de Compras', 'Lista de compras', CURRENT_TIMESTAMP, CURRENT_TIMESTAMP, NULL),
('Llevar a Bordar', 'Mostrar que cosas necesitan ser bordadas', CURRENT_TIMESTAMP, CURRENT_TIMESTAMP, NULL),
('Llevar los Pedidos', 'Mostrar que pedidos ya pueden ser enviados', CURRENT_TIMESTAMP, CURRENT_TIMESTAMP, NULL),
('Trabajos', 'Mostrar los trabajos que tiene que hacer', CURRENT_TIMESTAMP, CURRENT_TIMESTAMP, NULL),
('Revisión de Calidad', 'Manage user accounts', CURRENT_TIMESTAMP, CURRENT_TIMESTAMP, NULL),
('Empaquetado', 'Que y como empacar', CURRENT_TIMESTAMP, CURRENT_TIMESTAMP, NULL),
('Registro de Almacen de Productos', 'CRUD de Productos', CURRENT_TIMESTAMP, CURRENT_TIMESTAMP, NULL),
('División de Ventas', 'Dividir los productos entre los vendedores', CURRENT_TIMESTAMP, CURRENT_TIMESTAMP, NULL),
('Venta', 'Vender', CURRENT_TIMESTAMP, CURRENT_TIMESTAMP, NULL),
('Diseño de Nuevo Modelo', 'Diseñar un nuevo modelo', CURRENT_TIMESTAMP, CURRENT_TIMESTAMP, NULL);

-- No Insertar registros en la tabla "user_roles"
INSERT INTO user_roles (users_id, roles_id, created_at, updated_at) VALUES
(1, 1, CURRENT_TIMESTAMP, CURRENT_TIMESTAMP),
(1, 2, CURRENT_TIMESTAMP, CURRENT_TIMESTAMP),
(1, 3, CURRENT_TIMESTAMP, CURRENT_TIMESTAMP),
(1, 4, CURRENT_TIMESTAMP, CURRENT_TIMESTAMP),
(1, 5, CURRENT_TIMESTAMP, CURRENT_TIMESTAMP),
(1, 6, CURRENT_TIMESTAMP, CURRENT_TIMESTAMP),
(1, 7, CURRENT_TIMESTAMP, CURRENT_TIMESTAMP),
(1, 8, CURRENT_TIMESTAMP, CURRENT_TIMESTAMP),
(1, 9, CURRENT_TIMESTAMP, CURRENT_TIMESTAMP),
(1, 10, CURRENT_TIMESTAMP, CURRENT_TIMESTAMP),
(1, 11, CURRENT_TIMESTAMP, CURRENT_TIMESTAMP),
(1, 12, CURRENT_TIMESTAMP, CURRENT_TIMESTAMP),
(1, 13, CURRENT_TIMESTAMP, CURRENT_TIMESTAMP),
(2, 1, CURRENT_TIMESTAMP, CURRENT_TIMESTAMP),
(2, 2, CURRENT_TIMESTAMP, CURRENT_TIMESTAMP),
(2, 3, CURRENT_TIMESTAMP, CURRENT_TIMESTAMP),
(2, 4, CURRENT_TIMESTAMP, CURRENT_TIMESTAMP),
(2, 5, CURRENT_TIMESTAMP, CURRENT_TIMESTAMP),
(2, 6, CURRENT_TIMESTAMP, CURRENT_TIMESTAMP),
(2, 7, CURRENT_TIMESTAMP, CURRENT_TIMESTAMP),
(2, 8, CURRENT_TIMESTAMP, CURRENT_TIMESTAMP),
(2, 9, CURRENT_TIMESTAMP, CURRENT_TIMESTAMP),
(2, 10, CURRENT_TIMESTAMP, CURRENT_TIMESTAMP),
(2, 11, CURRENT_TIMESTAMP, CURRENT_TIMESTAMP),
(2, 12, CURRENT_TIMESTAMP, CURRENT_TIMESTAMP),
(2, 13, CURRENT_TIMESTAMP, CURRENT_TIMESTAMP),
(3, 1, CURRENT_TIMESTAMP, CURRENT_TIMESTAMP),
(3, 2, CURRENT_TIMESTAMP, CURRENT_TIMESTAMP),
(3, 3, CURRENT_TIMESTAMP, CURRENT_TIMESTAMP),
(3, 4, CURRENT_TIMESTAMP, CURRENT_TIMESTAMP),
(3, 5, CURRENT_TIMESTAMP, CURRENT_TIMESTAMP),
(3, 6, CURRENT_TIMESTAMP, CURRENT_TIMESTAMP),
(3, 7, CURRENT_TIMESTAMP, CURRENT_TIMESTAMP),
(3, 8, CURRENT_TIMESTAMP, CURRENT_TIMESTAMP),
(3, 9, CURRENT_TIMESTAMP, CURRENT_TIMESTAMP),
(3, 10, CURRENT_TIMESTAMP, CURRENT_TIMESTAMP),
(3, 11, CURRENT_TIMESTAMP, CURRENT_TIMESTAMP),
(3, 12, CURRENT_TIMESTAMP, CURRENT_TIMESTAMP),
(3, 13, CURRENT_TIMESTAMP, CURRENT_TIMESTAMP),
(4, 1, CURRENT_TIMESTAMP, CURRENT_TIMESTAMP),
(4, 2, CURRENT_TIMESTAMP, CURRENT_TIMESTAMP),
(4, 3, CURRENT_TIMESTAMP, CURRENT_TIMESTAMP),
(4, 4, CURRENT_TIMESTAMP, CURRENT_TIMESTAMP),
(4, 5, CURRENT_TIMESTAMP, CURRENT_TIMESTAMP),
(4, 6, CURRENT_TIMESTAMP, CURRENT_TIMESTAMP),
(4, 7, CURRENT_TIMESTAMP, CURRENT_TIMESTAMP),
(4, 8, CURRENT_TIMESTAMP, CURRENT_TIMESTAMP),
(4, 9, CURRENT_TIMESTAMP, CURRENT_TIMESTAMP),
(4, 10, CURRENT_TIMESTAMP, CURRENT_TIMESTAMP),
(4, 11, CURRENT_TIMESTAMP, CURRENT_TIMESTAMP),
(4, 12, CURRENT_TIMESTAMP, CURRENT_TIMESTAMP),
(4, 13, CURRENT_TIMESTAMP, CURRENT_TIMESTAMP);

-- No Insertar registros en la tabla "role_permission"
INSERT INTO role_permission (roles_id, permission_id) VALUES
(1, 5),
(1, 6),
(1, 7),
(1, 8),
(1, 9),
(2, 15),
(3, 16),
(3, 17),
(4, 18),
(5, 19),
(6, 20),
(6, 21),
(7, 22),
(8, 23),
(9, 24),
(10, 25),
(11, 26),
(12, 27),
(13, 28);


-- No Insertar registros en la tabla "states"
INSERT INTO states (name, description, created_at, updated_at, deleted_at) VALUES
('Pendiente', 'Revisión Pendiente', CURRENT_TIMESTAMP, CURRENT_TIMESTAMP, NULL),
('Revisión', 'Está Revisandose', CURRENT_TIMESTAMP, CURRENT_TIMESTAMP, NULL),
('Aceptado', 'Pedido Aceptado', CURRENT_TIMESTAMP, CURRENT_TIMESTAMP, NULL),
('Rechazado', 'Pedido Rechazado', CURRENT_TIMESTAMP, CURRENT_TIMESTAMP, NULL),
('Proceso', 'Pedido en Producción', CURRENT_TIMESTAMP, CURRENT_TIMESTAMP, NULL),
('Stock', 'Productos del Pedido Listos', CURRENT_TIMESTAMP, CURRENT_TIMESTAMP, NULL),
('Enviado', 'Pedido Enviado', CURRENT_TIMESTAMP, CURRENT_TIMESTAMP, NULL),
('Completado', 'Pedido Completado', CURRENT_TIMESTAMP, CURRENT_TIMESTAMP, NULL);

-- Insertar registros en la tabla "orders"
INSERT INTO orders (users_id, client_id, states_id, created_at, updated_at, deleted_at) VALUES
(5, 1, 1, CURRENT_TIMESTAMP, CURRENT_TIMESTAMP, NULL),
(6, 2, 2, CURRENT_TIMESTAMP, CURRENT_TIMESTAMP, NULL),
(7, 3, 3, CURRENT_TIMESTAMP, CURRENT_TIMESTAMP, NULL),
(8, 4, 4, CURRENT_TIMESTAMP, CURRENT_TIMESTAMP, NULL),
(9, 5, 5, CURRENT_TIMESTAMP, CURRENT_TIMESTAMP, NULL),
(10, 6, 6, CURRENT_TIMESTAMP, CURRENT_TIMESTAMP, NULL),
(11, 7, 7, CURRENT_TIMESTAMP, CURRENT_TIMESTAMP, NULL),
(12, 8, 8, CURRENT_TIMESTAMP, CURRENT_TIMESTAMP, NULL),
(13, 9, 1, CURRENT_TIMESTAMP, CURRENT_TIMESTAMP, NULL),
(14, 10, 2, CURRENT_TIMESTAMP, CURRENT_TIMESTAMP, NULL),
(15, 11, 3, CURRENT_TIMESTAMP, CURRENT_TIMESTAMP, NULL),
(16, 12, 4, CURRENT_TIMESTAMP, CURRENT_TIMESTAMP, NULL),
(17, 13, 5, CURRENT_TIMESTAMP, CURRENT_TIMESTAMP, NULL),
(18, 14, 6, CURRENT_TIMESTAMP, CURRENT_TIMESTAMP, NULL),
(19, 15, 7, CURRENT_TIMESTAMP, CURRENT_TIMESTAMP, NULL),
(20, 16, 8, CURRENT_TIMESTAMP, CURRENT_TIMESTAMP, NULL),
(21, 17, 1, CURRENT_TIMESTAMP, CURRENT_TIMESTAMP, NULL),
(22, 18, 2, CURRENT_TIMESTAMP, CURRENT_TIMESTAMP, NULL),
(23, 19, 3, CURRENT_TIMESTAMP, CURRENT_TIMESTAMP, NULL),
(24, 20, 4, CURRENT_TIMESTAMP, CURRENT_TIMESTAMP, NULL),
(25, 21, 5, CURRENT_TIMESTAMP, CURRENT_TIMESTAMP, NULL),
(26, 22, 6, CURRENT_TIMESTAMP, CURRENT_TIMESTAMP, NULL),
(27, 23, 7, CURRENT_TIMESTAMP, CURRENT_TIMESTAMP, NULL),
(28, 24, 8, CURRENT_TIMESTAMP, CURRENT_TIMESTAMP, NULL),
(29, 25, 1, CURRENT_TIMESTAMP, CURRENT_TIMESTAMP, NULL),
(30, 26, 2, CURRENT_TIMESTAMP, CURRENT_TIMESTAMP, NULL),
(31, 27, 3, CURRENT_TIMESTAMP, CURRENT_TIMESTAMP, NULL),
(32, 28, 4, CURRENT_TIMESTAMP, CURRENT_TIMESTAMP, NULL),
(33, 29, 5, CURRENT_TIMESTAMP, CURRENT_TIMESTAMP, NULL),
(34, 30, 6, CURRENT_TIMESTAMP, CURRENT_TIMESTAMP, NULL),
(35, 31, 7, CURRENT_TIMESTAMP, CURRENT_TIMESTAMP, NULL),
(36, 32, 8, CURRENT_TIMESTAMP, CURRENT_TIMESTAMP, NULL),
(37, 33, 1, CURRENT_TIMESTAMP, CURRENT_TIMESTAMP, NULL),
(38, 34, 2, CURRENT_TIMESTAMP, CURRENT_TIMESTAMP, NULL),
(39, 35, 3, CURRENT_TIMESTAMP, CURRENT_TIMESTAMP, NULL),
(40, 36, 4, CURRENT_TIMESTAMP, CURRENT_TIMESTAMP, NULL),
(41, 37, 5, CURRENT_TIMESTAMP, CURRENT_TIMESTAMP, NULL),
(42, 38, 6, CURRENT_TIMESTAMP, CURRENT_TIMESTAMP, NULL),
(43, 39, 7, CURRENT_TIMESTAMP, CURRENT_TIMESTAMP, NULL),
(44, 40, 8, CURRENT_TIMESTAMP, CURRENT_TIMESTAMP, NULL),
(45, 41, 1, CURRENT_TIMESTAMP, CURRENT_TIMESTAMP, NULL),
(46, 42, 2, CURRENT_TIMESTAMP, CURRENT_TIMESTAMP, NULL),
(47, 43, 3, CURRENT_TIMESTAMP, CURRENT_TIMESTAMP, NULL),
(48, 44, 4, CURRENT_TIMESTAMP, CURRENT_TIMESTAMP, NULL),
(49, 45, 5, CURRENT_TIMESTAMP, CURRENT_TIMESTAMP, NULL),
(50, 46, 6, CURRENT_TIMESTAMP, CURRENT_TIMESTAMP, NULL),
(51, 47, 7, CURRENT_TIMESTAMP, CURRENT_TIMESTAMP, NULL),
(52, 48, 8, CURRENT_TIMESTAMP, CURRENT_TIMESTAMP, NULL),
(53, 49, 1, CURRENT_TIMESTAMP, CURRENT_TIMESTAMP, NULL),
(54, 50, 2, CURRENT_TIMESTAMP, CURRENT_TIMESTAMP, NULL),
(55, 51, 3, CURRENT_TIMESTAMP, CURRENT_TIMESTAMP, NULL),
(56, 52, 4, CURRENT_TIMESTAMP, CURRENT_TIMESTAMP, NULL),
(57, 53, 5, CURRENT_TIMESTAMP, CURRENT_TIMESTAMP, NULL),
(58, 54, 6, CURRENT_TIMESTAMP, CURRENT_TIMESTAMP, NULL),
(59, 55, 7, CURRENT_TIMESTAMP, CURRENT_TIMESTAMP, NULL),
(60, 56, 8, CURRENT_TIMESTAMP, CURRENT_TIMESTAMP, NULL),
(61, 57, 1, CURRENT_TIMESTAMP, CURRENT_TIMESTAMP, NULL),
(62, 58, 2, CURRENT_TIMESTAMP, CURRENT_TIMESTAMP, NULL),
(63, 59, 3, CURRENT_TIMESTAMP, CURRENT_TIMESTAMP, NULL),
(64, 60, 4, CURRENT_TIMESTAMP, CURRENT_TIMESTAMP, NULL),
(65, 61, 5, CURRENT_TIMESTAMP, CURRENT_TIMESTAMP, NULL),
(66, 62, 6, CURRENT_TIMESTAMP, CURRENT_TIMESTAMP, NULL),
(67, 63, 7, CURRENT_TIMESTAMP, CURRENT_TIMESTAMP, NULL),
(68, 64, 8, CURRENT_TIMESTAMP, CURRENT_TIMESTAMP, NULL),
(69, 65, 1, CURRENT_TIMESTAMP, CURRENT_TIMESTAMP, NULL),
(70, 66, 2, CURRENT_TIMESTAMP, CURRENT_TIMESTAMP, NULL),
(71, 67, 3, CURRENT_TIMESTAMP, CURRENT_TIMESTAMP, NULL),
(72, 68, 4, CURRENT_TIMESTAMP, CURRENT_TIMESTAMP, NULL),
(73, 69, 5, CURRENT_TIMESTAMP, CURRENT_TIMESTAMP, NULL),
(74, 70, 6, CURRENT_TIMESTAMP, CURRENT_TIMESTAMP, NULL),
(75, 71, 7, CURRENT_TIMESTAMP, CURRENT_TIMESTAMP, NULL),
(76, 72, 8, CURRENT_TIMESTAMP, CURRENT_TIMESTAMP, NULL),
(77, 73, 1, CURRENT_TIMESTAMP, CURRENT_TIMESTAMP, NULL),
(78, 74, 2, CURRENT_TIMESTAMP, CURRENT_TIMESTAMP, NULL),
(79, 75, 3, CURRENT_TIMESTAMP, CURRENT_TIMESTAMP, NULL),
(80, 76, 4, CURRENT_TIMESTAMP, CURRENT_TIMESTAMP, NULL),
(81, 77, 5, CURRENT_TIMESTAMP, CURRENT_TIMESTAMP, NULL),
(82, 78, 6, CURRENT_TIMESTAMP, CURRENT_TIMESTAMP, NULL),
(83, 79, 7, CURRENT_TIMESTAMP, CURRENT_TIMESTAMP, NULL),
(84, 80, 8, CURRENT_TIMESTAMP, CURRENT_TIMESTAMP, NULL),
(85, 81, 1, CURRENT_TIMESTAMP, CURRENT_TIMESTAMP, NULL),
(86, 82, 2, CURRENT_TIMESTAMP, CURRENT_TIMESTAMP, NULL),
(87, 83, 3, CURRENT_TIMESTAMP, CURRENT_TIMESTAMP, NULL),
(88, 84, 4, CURRENT_TIMESTAMP, CURRENT_TIMESTAMP, NULL),
(89, 85, 5, CURRENT_TIMESTAMP, CURRENT_TIMESTAMP, NULL),
(90, 86, 6, CURRENT_TIMESTAMP, CURRENT_TIMESTAMP, NULL),
(91, 87, 7, CURRENT_TIMESTAMP, CURRENT_TIMESTAMP, NULL),
(92, 88, 8, CURRENT_TIMESTAMP, CURRENT_TIMESTAMP, NULL),
(93, 89, 1, CURRENT_TIMESTAMP, CURRENT_TIMESTAMP, NULL),
(5, 1, 1, CURRENT_TIMESTAMP, CURRENT_TIMESTAMP, NULL),
(6, 2, 2, CURRENT_TIMESTAMP, CURRENT_TIMESTAMP, NULL),
(7, 3, 3, CURRENT_TIMESTAMP, CURRENT_TIMESTAMP, NULL),
(8, 4, 4, CURRENT_TIMESTAMP, CURRENT_TIMESTAMP, NULL),
(9, 5, 5, CURRENT_TIMESTAMP, CURRENT_TIMESTAMP, NULL),
(10, 6, 6, CURRENT_TIMESTAMP, CURRENT_TIMESTAMP, NULL),
(11, 7, 7, CURRENT_TIMESTAMP, CURRENT_TIMESTAMP, NULL),
(12, 8, 8, CURRENT_TIMESTAMP, CURRENT_TIMESTAMP, NULL),
(13, 9, 1, CURRENT_TIMESTAMP, CURRENT_TIMESTAMP, NULL),
(14, 10, 2, CURRENT_TIMESTAMP, CURRENT_TIMESTAMP, NULL),
(15, 11, 3, CURRENT_TIMESTAMP, CURRENT_TIMESTAMP, NULL),
(16, 12, 4, CURRENT_TIMESTAMP, CURRENT_TIMESTAMP, NULL),
(17, 13, 5, CURRENT_TIMESTAMP, CURRENT_TIMESTAMP, NULL),
(18, 14, 6, CURRENT_TIMESTAMP, CURRENT_TIMESTAMP, NULL),
(19, 15, 7, CURRENT_TIMESTAMP, CURRENT_TIMESTAMP, NULL),
(20, 16, 8, CURRENT_TIMESTAMP, CURRENT_TIMESTAMP, NULL),
(21, 17, 1, CURRENT_TIMESTAMP, CURRENT_TIMESTAMP, NULL),
(22, 18, 2, CURRENT_TIMESTAMP, CURRENT_TIMESTAMP, NULL),
(23, 19, 3, CURRENT_TIMESTAMP, CURRENT_TIMESTAMP, NULL),
(24, 20, 4, CURRENT_TIMESTAMP, CURRENT_TIMESTAMP, NULL),
(25, 21, 5, CURRENT_TIMESTAMP, CURRENT_TIMESTAMP, NULL),
(26, 22, 6, CURRENT_TIMESTAMP, CURRENT_TIMESTAMP, NULL),
(27, 23, 7, CURRENT_TIMESTAMP, CURRENT_TIMESTAMP, NULL),
(28, 24, 8, CURRENT_TIMESTAMP, CURRENT_TIMESTAMP, NULL),
(29, 25, 1, CURRENT_TIMESTAMP, CURRENT_TIMESTAMP, NULL),
(30, 26, 2, CURRENT_TIMESTAMP, CURRENT_TIMESTAMP, NULL),
(31, 27, 3, CURRENT_TIMESTAMP, CURRENT_TIMESTAMP, NULL),
(32, 28, 4, CURRENT_TIMESTAMP, CURRENT_TIMESTAMP, NULL),
(33, 29, 5, CURRENT_TIMESTAMP, CURRENT_TIMESTAMP, NULL),
(34, 30, 6, CURRENT_TIMESTAMP, CURRENT_TIMESTAMP, NULL),
(35, 31, 7, CURRENT_TIMESTAMP, CURRENT_TIMESTAMP, NULL),
(36, 32, 8, CURRENT_TIMESTAMP, CURRENT_TIMESTAMP, NULL),
(37, 33, 1, CURRENT_TIMESTAMP, CURRENT_TIMESTAMP, NULL),
(38, 34, 2, CURRENT_TIMESTAMP, CURRENT_TIMESTAMP, NULL),
(39, 35, 3, CURRENT_TIMESTAMP, CURRENT_TIMESTAMP, NULL),
(40, 36, 4, CURRENT_TIMESTAMP, CURRENT_TIMESTAMP, NULL),
(41, 37, 5, CURRENT_TIMESTAMP, CURRENT_TIMESTAMP, NULL),
(42, 38, 6, CURRENT_TIMESTAMP, CURRENT_TIMESTAMP, NULL),
(43, 39, 7, CURRENT_TIMESTAMP, CURRENT_TIMESTAMP, NULL),
(44, 40, 8, CURRENT_TIMESTAMP, CURRENT_TIMESTAMP, NULL),
(45, 41, 1, CURRENT_TIMESTAMP, CURRENT_TIMESTAMP, NULL),
(46, 42, 2, CURRENT_TIMESTAMP, CURRENT_TIMESTAMP, NULL),
(47, 43, 3, CURRENT_TIMESTAMP, CURRENT_TIMESTAMP, NULL),
(48, 44, 4, CURRENT_TIMESTAMP, CURRENT_TIMESTAMP, NULL),
(49, 45, 5, CURRENT_TIMESTAMP, CURRENT_TIMESTAMP, NULL),
(50, 46, 6, CURRENT_TIMESTAMP, CURRENT_TIMESTAMP, NULL),
(51, 47, 7, CURRENT_TIMESTAMP, CURRENT_TIMESTAMP, NULL),
(52, 48, 8, CURRENT_TIMESTAMP, CURRENT_TIMESTAMP, NULL),
(53, 49, 1, CURRENT_TIMESTAMP, CURRENT_TIMESTAMP, NULL),
(54, 50, 2, CURRENT_TIMESTAMP, CURRENT_TIMESTAMP, NULL),
(55, 51, 3, CURRENT_TIMESTAMP, CURRENT_TIMESTAMP, NULL),
(56, 52, 4, CURRENT_TIMESTAMP, CURRENT_TIMESTAMP, NULL),
(57, 53, 5, CURRENT_TIMESTAMP, CURRENT_TIMESTAMP, NULL),
(58, 54, 6, CURRENT_TIMESTAMP, CURRENT_TIMESTAMP, NULL),
(59, 55, 7, CURRENT_TIMESTAMP, CURRENT_TIMESTAMP, NULL),
(60, 56, 8, CURRENT_TIMESTAMP, CURRENT_TIMESTAMP, NULL),
(61, 57, 1, CURRENT_TIMESTAMP, CURRENT_TIMESTAMP, NULL),
(62, 58, 2, CURRENT_TIMESTAMP, CURRENT_TIMESTAMP, NULL),
(63, 59, 3, CURRENT_TIMESTAMP, CURRENT_TIMESTAMP, NULL),
(64, 60, 4, CURRENT_TIMESTAMP, CURRENT_TIMESTAMP, NULL),
(65, 61, 5, CURRENT_TIMESTAMP, CURRENT_TIMESTAMP, NULL),
(66, 62, 6, CURRENT_TIMESTAMP, CURRENT_TIMESTAMP, NULL),
(67, 63, 7, CURRENT_TIMESTAMP, CURRENT_TIMESTAMP, NULL),
(68, 64, 8, CURRENT_TIMESTAMP, CURRENT_TIMESTAMP, NULL),
(69, 65, 1, CURRENT_TIMESTAMP, CURRENT_TIMESTAMP, NULL),
(70, 66, 2, CURRENT_TIMESTAMP, CURRENT_TIMESTAMP, NULL),
(71, 67, 3, CURRENT_TIMESTAMP, CURRENT_TIMESTAMP, NULL),
(72, 68, 4, CURRENT_TIMESTAMP, CURRENT_TIMESTAMP, NULL),
(73, 69, 5, CURRENT_TIMESTAMP, CURRENT_TIMESTAMP, NULL),
(74, 70, 6, CURRENT_TIMESTAMP, CURRENT_TIMESTAMP, NULL),
(75, 71, 7, CURRENT_TIMESTAMP, CURRENT_TIMESTAMP, NULL),
(76, 72, 8, CURRENT_TIMESTAMP, CURRENT_TIMESTAMP, NULL),
(77, 73, 1, CURRENT_TIMESTAMP, CURRENT_TIMESTAMP, NULL),
(78, 74, 2, CURRENT_TIMESTAMP, CURRENT_TIMESTAMP, NULL),
(79, 75, 3, CURRENT_TIMESTAMP, CURRENT_TIMESTAMP, NULL),
(80, 76, 4, CURRENT_TIMESTAMP, CURRENT_TIMESTAMP, NULL),
(81, 77, 5, CURRENT_TIMESTAMP, CURRENT_TIMESTAMP, NULL),
(82, 78, 6, CURRENT_TIMESTAMP, CURRENT_TIMESTAMP, NULL),
(83, 79, 7, CURRENT_TIMESTAMP, CURRENT_TIMESTAMP, NULL),
(84, 80, 8, CURRENT_TIMESTAMP, CURRENT_TIMESTAMP, NULL),
(85, 81, 1, CURRENT_TIMESTAMP, CURRENT_TIMESTAMP, NULL),
(86, 82, 2, CURRENT_TIMESTAMP, CURRENT_TIMESTAMP, NULL),
(87, 83, 3, CURRENT_TIMESTAMP, CURRENT_TIMESTAMP, NULL),
(88, 84, 4, CURRENT_TIMESTAMP, CURRENT_TIMESTAMP, NULL),
(89, 85, 5, CURRENT_TIMESTAMP, CURRENT_TIMESTAMP, NULL),
(90, 86, 6, CURRENT_TIMESTAMP, CURRENT_TIMESTAMP, NULL),
(91, 87, 7, CURRENT_TIMESTAMP, CURRENT_TIMESTAMP, NULL),
(92, 88, 8, CURRENT_TIMESTAMP, CURRENT_TIMESTAMP, NULL),
(93, 89, 1, CURRENT_TIMESTAMP, CURRENT_TIMESTAMP, NULL),

-- Insertar registros en la tabla "category"
INSERT INTO category (name, description, created_at, updated_at, deleted_at) VALUES 
('Cartera', 'Descripción de la categoría 1', CURRENT_TIMESTAMP, CURRENT_TIMESTAMP, NULL),
('Monedero', 'Descripción de la categoría 2', CURRENT_TIMESTAMP, CURRENT_TIMESTAMP, NULL);

-- Insertar registros en la tabla "models"
INSERT INTO models (category_id, name, description, created_at, updated_at, deleted_at) VALUES 
(1, 'Balde', 'Descripción del modelo 1', CURRENT_TIMESTAMP, CURRENT_TIMESTAMP, NULL),
(1, 'Florerito', 'Descripción del modelo 2', CURRENT_TIMESTAMP, CURRENT_TIMESTAMP, NULL),
(2, 'de Presión', 'Descripción del modelo 2', CURRENT_TIMESTAMP, CURRENT_TIMESTAMP, NULL);

-- Insertar registros en la tabla "size"
INSERT INTO size (name, description, created_at, updated_at, deleted_at) VALUES 
('U', 'Descripción de la talla U', CURRENT_TIMESTAMP, CURRENT_TIMESTAMP, NULL),
('S', 'Descripción de la talla S', CURRENT_TIMESTAMP, CURRENT_TIMESTAMP, NULL),
('M', 'Descripción de la talla M', CURRENT_TIMESTAMP, CURRENT_TIMESTAMP, NULL),
('L', 'Descripción de la talla M', CURRENT_TIMESTAMP, CURRENT_TIMESTAMP, NULL);

-- Insertar registros en la tabla "model_size"
INSERT INTO model_size (models_id, size_id, description, price, created_at, updated_at, deleted_at) VALUES 
(1, 1, 'Modelo 1 en talla S', 29.99, CURRENT_TIMESTAMP, CURRENT_TIMESTAMP, NULL),
(2, 2, 'Modelo 2 en talla U', 4.99, CURRENT_TIMESTAMP, CURRENT_TIMESTAMP, NULL);

-- Insertar registros en la tabla "colors"
INSERT INTO colors (name, hex, rgb, description, created_at, updated_at, deleted_at) VALUES 
('Red', '#FF0000', '255,0,0', 'Rojo', CURRENT_TIMESTAMP, CURRENT_TIMESTAMP, NULL),
('Blue', '#0000FF', '0,0,255', 'Azul', CURRENT_TIMESTAMP, CURRENT_TIMESTAMP, NULL);

-- No Insertar registros en la tabla "unit_measure"
INSERT INTO unit_measure (name, description, created_at, updated_at, deleted_at) VALUES 
('Unidad', 'Descripción de la unidad 1', CURRENT_TIMESTAMP, CURRENT_TIMESTAMP, NULL),
('Paquete', 'Descripción de la unidad 2', CURRENT_TIMESTAMP, CURRENT_TIMESTAMP, NULL),
('Docena', 'Descripción de la unidad 3', CURRENT_TIMESTAMP, CURRENT_TIMESTAMP, NULL);

-- Insertar registros en la tabla "embroidery"
INSERT INTO embroidery (name, description, route, created_at, updated_at, deleted_at) VALUES 
('Embroidery 1', 'Descripción del bordado 1', '/route/1', CURRENT_TIMESTAMP, CURRENT_TIMESTAMP, NULL),
('Embroidery 2', 'Descripción del bordado 2', '/route/2', CURRENT_TIMESTAMP, CURRENT_TIMESTAMP, NULL);

-- Insertar registros en la tabla "order_models"
INSERT INTO order_models (orders_id, models_id, size_id, quantity, unit_measure_id, embroidery_id, deadline, place_delivery, states_id, shipping_description, users_id, created_at, updated_at, deleted_at) VALUES 
(1, 1, 1, 10, 1, 1, CURRENT_TIMESTAMP + INTERVAL '7 days', 'Dirección de entrega 1', 1, 'Descripción del envío 1', 1, CURRENT_TIMESTAMP, CURRENT_TIMESTAMP, NULL),
(2, 2, 2, 5, 2, 2, CURRENT_TIMESTAMP + INTERVAL '14 days', 'Dirección de entrega 2', 2, 'Descripción del envío 2', 2, CURRENT_TIMESTAMP, CURRENT_TIMESTAMP, NULL);

-- Insertar registros en la tabla "order_model_colors"
INSERT INTO order_model_colors (order_models_id, colors_id, created_at, updated_at, deleted_at) VALUES 
(1, 1, CURRENT_TIMESTAMP, CURRENT_TIMESTAMP, NULL),
(1, 2, CURRENT_TIMESTAMP, CURRENT_TIMESTAMP, NULL),
(2, 2, CURRENT_TIMESTAMP, CURRENT_TIMESTAMP, NULL);

-- Insertar registros en la tabla "model_color"
INSERT INTO model_color (models_id, colors_id, created_at, updated_at) VALUES 
(1, 1, CURRENT_TIMESTAMP, CURRENT_TIMESTAMP),
(1, 2, CURRENT_TIMESTAMP, CURRENT_TIMESTAMP),
(2, 1, CURRENT_TIMESTAMP, CURRENT_TIMESTAMP),
(2, 2, CURRENT_TIMESTAMP, CURRENT_TIMESTAMP);

-- Insertar registros en la tabla "products"
INSERT INTO products (models_id, colors_id, size_id, quantity, unit_measure_id, created_at, updated_at, deleted_at) VALUES 
(1, 1, 1, 100, 1, CURRENT_TIMESTAMP, CURRENT_TIMESTAMP, NULL),
(2, 2, 2, 50, 2, CURRENT_TIMESTAMP, CURRENT_TIMESTAMP, NULL);

-- No Insertar registros en la tabla "movement"
INSERT INTO movement (name, description, created_at, updated_at, deleted_at) VALUES 
('Entrada', 'Descripción del movimiento 1', CURRENT_TIMESTAMP, CURRENT_TIMESTAMP, NULL),
('Salida', 'Descripción del movimiento 2', CURRENT_TIMESTAMP, CURRENT_TIMESTAMP, NULL);

-- Insertar registros en la tabla "reason"
INSERT INTO reason (name, description, created_at, updated_at, deleted_at) VALUES 
('Boda', 'Descripción del motivo 1', CURRENT_TIMESTAMP, CURRENT_TIMESTAMP, NULL),
('Pedido', 'Descripción del motivo 2', CURRENT_TIMESTAMP, CURRENT_TIMESTAMP, NULL),
('Día de la Madre', 'Descripción del motivo 2', CURRENT_TIMESTAMP, CURRENT_TIMESTAMP, NULL);

-- Insertar registros en la tabla "product_movement"
INSERT INTO product_movement (movement_id, products_id, quantity, unit_measure_id, users_id, reason_id, description, created_at, updated_at, deleted_at) VALUES 
(1, 1, 10, 1, 1, 1, 'Descripción del movimiento del producto 1', CURRENT_TIMESTAMP, CURRENT_TIMESTAMP, NULL),
(2, 2, 5, 2, 2, 2, 'Descripción del movimiento del producto 2', CURRENT_TIMESTAMP, CURRENT_TIMESTAMP, NULL);

-- Insertar registros en la tabla "product_division"
INSERT INTO product_division (products_id, quantity, unit_measure_id, users_id, created_at, updated_at, deleted_at) VALUES 
(1, 20, 1, 1, CURRENT_TIMESTAMP, CURRENT_TIMESTAMP, NULL),
(2, 10, 2, 2, CURRENT_TIMESTAMP, CURRENT_TIMESTAMP, NULL);

-- Insertar registros en la tabla "sales"
INSERT INTO sales (price, users_id, created_at, updated_at, deleted_at) VALUES 
(100.00, 1, CURRENT_TIMESTAMP, CURRENT_TIMESTAMP, NULL),
(150.00, 2, CURRENT_TIMESTAMP, CURRENT_TIMESTAMP, NULL);

-- Insertar registros en la tabla "sales_details"
INSERT INTO sales_details (sales_id, models_id, colors_id, size_id, quantity, unit_measure_id, price, created_at, updated_at, deleted_at) VALUES 
(1, 1, 1, 1, 10, 1, 29.99, CURRENT_TIMESTAMP, CURRENT_TIMESTAMP, NULL),
(2, 2, 2, 2, 5, 2, 39.99, CURRENT_TIMESTAMP, CURRENT_TIMESTAMP, NULL);

-- Insertar registros en la tabla "places_times_sales"
INSERT INTO places_times_sales (place, day, time, users_id, created_at, updated_at, deleted_at) VALUES 
('Place 1', 'Monday', '09:00:00', 1, CURRENT_TIMESTAMP, CURRENT_TIMESTAMP, NULL),
('Place 2', 'Tuesday', '10:00:00', 2, CURRENT_TIMESTAMP, CURRENT_TIMESTAMP, NULL);

-- Insertar registros en la tabla "financial_movements"
INSERT INTO financial_movements (amount, movement_id, users_id, reason_id, description, created_at, updated_at, deleted_at) VALUES 
(500.00, 1, 1, 1, 'Descripción del movimiento financiero 1', CURRENT_TIMESTAMP, CURRENT_TIMESTAMP, NULL),
(300.00, 2, 2, 2, 'Descripción del movimiento financiero 2', CURRENT_TIMESTAMP, CURRENT_TIMESTAMP, NULL);
